Arcam;Waterbeach, Cambridge;UK;https://www.arcam.co.uk/
Arendal Sound;Arendal;Norway;https://arendalsound.eu/
AudioQuest;Irvine, CA;USA;https://www.audioquest.com/
Audison;Marignano MC;Italy;https://www.audison.eu/
Bang & Olufsen;Struer;Denmark;https://www.bang-olufsen.com/en
Bowers & Wilkins;West Sussex;UK;https://www.bowerswilkins.com/net
Canon;Ota City, Tokyo;Japan;https://global.canon/en/
DALI;Norager;Denmark;https://www.dali-speakers.com
Denon;;Japan;https://www.denon.com
DJI;Nanshan District, Shenzhen;China;https://www.dji.com/
DxO Labs;Paris;France;https://www.dxo.com/
EIZO;Hakusan, Ishikawa;Japan;https://www.eizoglobal.com/
Emotiva;Franklin, Williamson County, Tennessee;USA;https://emotiva.com/
ESB;Via della Meccanica, 14, 04011 Aprilia (Latina);Italy;https://www.esbcar.com/
ETON;Pfaffenweg 21, 89231 Neu-Ulm;Germany;https://www.eton-gmbh.com/en/
FiiO;Guangzhou;China;https://www.fiio.com/
Focal;Paris;France;https://www.focal.com/en
Fujifilm;Minato, Tokyo;Japan;https://www.fujifilm.com/
Ground Zero;Erlenweg 25, 85658 Egmating;Germany;https://groundzerousa.com/
Harman Kardon;Stamford, Connecticut;USA;https://eu.harmankardon.com/
Audiotec Fischer;Hünegräben 26, 57392 Schmallenberg;Germany;https://www.audiotec-fischer.de/en
Hifonics;851 E. Park Ave, Libertyville, IL;USA;https://hifonics.com/
Huawei;Shenzhen;China;https://www.huawei.com/en/
iFi Audio;79 Scarisbrick New Road, Southport;UK;https://ifi-audio.com/home
JVC;Kenagawa Ward, Yokohama, Kanagawa;Japan;https://www.jvc.net/
Kenwood;Hachioji-shi, Tokyo;Japan;https://www.kenwood.com/
LG;Seoul;South Korea;https://www.lg.com/global
Monitor Audio;Cambridge, England;UK;https://www.monitoraudio.com/
Mosconi;Via La Villa, 28, Ghilardino di Fossombrone;Italy;https://mosconi-system.it/
Musical Fidelity;Margaretenstrasse 98, A-1050 Wien;UK;https://www.musicalfidelity.com/
NAD;Pickering;Canada;https://nadelectronics.com/
Nikon;Tokyo;Japan;https://www.nikon.com/
OnePlus;Futian district, Shenzhen;China;https://www.oneplus.com/
OPPO;Dongguan, Guangdong;China;https://www.oppo.com/en/
Optoma;New Taipei City;Taiwan;https://www.optomaeurope.com/
Philips;Amsterdam;Netherlands;https://www.philips.com/global
Primare;Limstensgatan 7, SE-216 16 Limhamn;Sweden;https://primare.net/
Pro-Ject;Analogweg 1, A-2130 Mistelbach;Austria;https://www.project-audio.com/en/
ROTEL Michi;Dale Road, Worthing, West Sussex;UK;http://www.rotel.com/en-gb/michi
Samsung;Seoul;South Korea;https://www.samsung.com/
Sennheiser;Am Labor 1, DE-30900 Wedemark;Germany;https://en-uk.sennheiser.com/
Sony;Sony City, Minato, Tokyo?;Japan;https://www.sony.net/
SVS;Youngstown (Ohio state);USA;https://www.svsound.com/
System Audio;Klosterengen 137 L, 4000 Roskilde.;Denmark;https://system-audio.com/
TCL;Huizhou, Guangdong;China;https://www.tcl.com/
Thorens;Lustheide 85, 51427 Bergisch Gladbach;Germany;https://thorens.com/
Triangle;Villeneuve Saint Germain;France;https://www.trianglehifi.com/en/
Trinnov;5 rue Edmond Michelet, 93360 Neuilly-Plaisance;France;https://www.trinnov.com/
Volumio;Firenze;Italy;https://volumio.org/
Zappiti;;France;https://www.zappiti.com/
Zenec;Bohrturmweg 1, 5330 Bad Zurzach;Switzerland;http://www.zenec.com/
